{"IcoMoonType":"selection","icons":[{"icon":{"paths":["M0 454.4h1024v73.6h-1024v-73.6z"],"attrs":[{}],"isMulticolor":false,"isMulticolor2":false,"grid":32,"tags":["minus-thin"]},"attrs":[{}],"properties":{"order":646,"id":28,"name":"minus-thin","prevSize":32,"code":59445},"setIdx":17,"setId":30,"iconIdx":0},{"icon":{"paths":["M0 464h1024v112h-1024v-112z"],"attrs":[{}],"isMulticolor":false,"isMulticolor2":false,"grid":32,"tags":["minus-thick"]},"attrs":[{}],"properties":{"order":647,"id":27,"name":"minus-thick","prevSize":32,"code":59446},"setIdx":17,"setId":30,"iconIdx":1},{"icon":{"paths":["M873.6 563.2c3.2-16 3.2-32 3.2-51.2s0-32-3.2-51.2l108.8-83.2c9.6-6.4 12.8-22.4 6.4-32l-102.4-176c-6.4-9.6-19.2-16-32-9.6l-128 51.2c-25.6-19.2-54.4-38.4-86.4-51.2l-19.2-134.4c0-16-9.6-25.6-22.4-25.6h-204.8c-12.8 0-22.4 9.6-25.6 22.4l-19.2 134.4c-32 12.8-60.8 28.8-86.4 51.2l-128-51.2c-12.8-3.2-25.6 0-32 9.6l-102.4 176c-6.4 9.6-3.2 25.6 6.4 32l108.8 83.2c-3.2 16-3.2 32-3.2 51.2s0 32 3.2 51.2l-108.8 83.2c-9.6 6.4-12.8 22.4-6.4 32l102.4 176c6.4 9.6 19.2 16 32 9.6l128-51.2c25.6 19.2 54.4 38.4 86.4 51.2l19.2 134.4c3.2 12.8 12.8 22.4 25.6 22.4h204.8c12.8 0 22.4-9.6 25.6-22.4l19.2-134.4c32-12.8 60.8-28.8 86.4-51.2l128 51.2c12.8 3.2 25.6 0 32-9.6l102.4-176c6.4-9.6 3.2-25.6-6.4-32l-112-80zM496 691.2c-99.2 0-179.2-80-179.2-179.2s80-179.2 179.2-179.2 179.2 80 179.2 179.2-80 179.2-179.2 179.2z"],"attrs":[{}],"width":992,"isMulticolor":false,"isMulticolor2":false,"grid":32,"tags":["Ikoner_settings-02"]},"attrs":[{}],"properties":{"order":648,"id":26,"name":"st-settings-02","prevSize":32,"code":59441},"setIdx":17,"setId":30,"iconIdx":2},{"icon":{"paths":["M128 640c-70.4 0-128-57.6-128-128s57.6-128 128-128 128 57.6 128 128-57.6 128-128 128zM128 256c-70.4 0-128-57.6-128-128s57.6-128 128-128 128 57.6 128 128-57.6 128-128 128zM128 1024c-70.4 0-128-57.6-128-128s57.6-128 128-128 128 57.6 128 128-57.6 128-128 128z"],"attrs":[{}],"width":256,"isMulticolor":false,"isMulticolor2":false,"grid":32,"tags":["Ikoner_settings-01"]},"attrs":[{}],"properties":{"order":649,"id":25,"name":"st-settings-01","prevSize":32,"code":59440},"setIdx":17,"setId":30,"iconIdx":3},{"icon":{"paths":["M1820.444 85.333l-85.333-85.333-824.889 847.644-824.889-847.644-85.333 85.333 910.222 938.667z"],"attrs":[{}],"width":1820,"isMulticolor":false,"isMulticolor2":false,"grid":32,"tags":["Ikoner_small-arrow-down"]},"attrs":[{}],"properties":{"order":650,"id":24,"name":"st-small-arrow-down","prevSize":32,"code":59433},"setIdx":17,"setId":30,"iconIdx":4},{"icon":{"paths":["M528 1024l48-48-476.8-464 476.8-464-48-48-528 512z"],"attrs":[{}],"width":576,"isMulticolor":false,"isMulticolor2":false,"grid":32,"tags":["Ikoner_small-arrow-left"]},"attrs":[{}],"properties":{"order":651,"id":23,"name":"st-small-arrow-left","prevSize":32,"code":59432},"setIdx":17,"setId":30,"iconIdx":5},{"icon":{"paths":["M48 0l-48 48 476.8 464-476.8 464 48 48 528-512z"],"attrs":[{}],"width":576,"isMulticolor":false,"isMulticolor2":false,"grid":32,"tags":["Ikoner_small-arrow-right"]},"attrs":[{}],"properties":{"order":652,"id":22,"name":"st-small-arrow-right","prevSize":32,"code":59431},"setIdx":17,"setId":30,"iconIdx":6},{"icon":{"paths":["M0 938.667l85.333 85.333 824.889-847.644 824.889 847.644 85.333-85.333-910.222-938.667z"],"attrs":[{}],"width":1820,"isMulticolor":false,"isMulticolor2":false,"grid":32,"tags":["Ikoner_small-arrow-up"]},"attrs":[{}],"properties":{"order":653,"id":21,"name":"st-small-arrow-up","prevSize":32,"code":59430},"setIdx":17,"setId":30,"iconIdx":7},{"icon":{"paths":["M704 512c0 105.6-86.4 192-192 192s-192-86.4-192-192c0-19.2 3.2-35.2 9.6-54.4h-51.2v246.4c0 22.4 19.2 41.6 41.6 41.6h384c22.4 0 41.6-19.2 41.6-41.6v-246.4h-51.2c6.4 19.2 9.6 35.2 9.6 54.4z","M937.6 0h-851.2c-48 0-86.4 38.4-86.4 86.4v854.4c0 44.8 38.4 83.2 86.4 83.2h854.4c48 0 86.4-38.4 86.4-86.4v-851.2c-3.2-48-41.6-86.4-89.6-86.4zM832 758.4c0 41.6-35.2 73.6-73.6 73.6h-492.8c-38.4 0-73.6-35.2-73.6-73.6v-492.8c0-38.4 35.2-73.6 73.6-73.6h480c41.6 3.2 86.4 35.2 86.4 73.6v492.8z","M630.4 512c0 65.391-53.009 118.4-118.4 118.4s-118.4-53.009-118.4-118.4c0-65.391 53.009-118.4 118.4-118.4s118.4 53.009 118.4 118.4z","M726.4 278.4h-64c-12.8 0-22.4 9.6-22.4 22.4v64c0 12.8 9.6 22.4 22.4 22.4h64c12.8 0 22.4-9.6 22.4-22.4v-64c-3.2-12.8-9.6-22.4-22.4-22.4z"],"attrs":[{},{},{},{}],"isMulticolor":false,"isMulticolor2":false,"grid":32,"tags":["Ikoner_instagram"]},"attrs":[{},{},{},{}],"properties":{"order":654,"id":19,"name":"st-instagram","prevSize":32,"code":59429},"setIdx":17,"setId":30,"iconIdx":8},{"icon":{"paths":["M960 0h-896c-35.2 0-64 28.8-64 64v896c0 35.2 28.8 64 64 64h896c35.2 0 64-28.8 64-64v-896c0-35.2-28.8-64-64-64zM352 800h-128v-448h128v448zM288 320c-35.2 0-64-28.8-64-64s28.8-64 64-64 64 28.8 64 64c0 35.2-28.8 64-64 64zM800 800h-128v-256c0-41.6-22.4-64-64-64s-64 22.4-64 64v256h-128v-448h128v64c6.4-32 22.4-64 112-64 128 0 144 96 144 224v224z"],"attrs":[{}],"isMulticolor":false,"isMulticolor2":false,"grid":32,"tags":["linkedin_linkedin"]},"attrs":[{}],"properties":{"order":655,"id":18,"name":"st-linkedin","prevSize":32,"code":59428},"setIdx":17,"setId":30,"iconIdx":9},{"icon":{"paths":["M960 0h-896c-35.2 0-64 28.8-64 64v896c0 35.2 28.8 64 64 64h480v-384h-128v-160h128v-96c0-131.2 73.6-224 192-224 57.6 0 96 0 128 0v160h-64c-64 0-96 32-96 96v64h160l-32 160h-128v384h256c35.2 0 64-28.8 64-64v-896c0-35.2-28.8-64-64-64z"],"attrs":[{}],"isMulticolor":false,"isMulticolor2":false,"grid":32,"tags":["facebook"]},"attrs":[{}],"properties":{"order":656,"id":16,"name":"st-facebook","prevSize":32,"code":59427},"setIdx":17,"setId":30,"iconIdx":10},{"icon":{"paths":["M0 572.8l358.4 361.6 89.6 89.6 89.6-89.6 358.4-361.6-89.6-89.6-294.4 297.6v-780.8h-128v780.8l-294.4-297.6z"],"attrs":[{}],"width":896,"isMulticolor":false,"isMulticolor2":false,"grid":32,"tags":["arrow-down"]},"attrs":[{}],"properties":{"order":657,"id":15,"name":"st-arrow-down","prevSize":32,"code":59444},"setIdx":17,"setId":30,"iconIdx":11},{"icon":{"paths":["M896 451.2l-358.4-361.6-89.6-89.6-89.6 89.6-358.4 361.6 89.6 89.6 294.4-297.6v780.8h128v-780.8l294.4 297.6z"],"attrs":[{}],"width":896,"isMulticolor":false,"isMulticolor2":false,"grid":32,"tags":["arrow-up"]},"attrs":[{}],"properties":{"order":658,"id":12,"name":"st-arrow-up","prevSize":32,"code":59393},"setIdx":17,"setId":30,"iconIdx":12},{"icon":{"paths":["M451.2 64l-361.6 358.4-89.6 89.6 89.6 89.6 361.6 358.4 89.6-89.6-297.6-294.4h780.8v-128h-780.8l297.6-294.4z"],"attrs":[{}],"isMulticolor":false,"isMulticolor2":false,"grid":32,"tags":["arrow-left"]},"attrs":[{}],"properties":{"order":659,"id":14,"name":"st-arrow-left","prevSize":32,"code":59394},"setIdx":17,"setId":30,"iconIdx":13},{"icon":{"paths":["M572.8 960l361.6-358.4 89.6-89.6-89.6-89.6-361.6-358.4-89.6 89.6 297.6 294.4h-780.8v128h780.8l-297.6 294.4z"],"attrs":[{}],"isMulticolor":false,"isMulticolor2":false,"grid":32,"tags":["arrow-right"]},"attrs":[{}],"properties":{"order":660,"id":13,"name":"st-arrow-right","prevSize":32,"code":59443},"setIdx":17,"setId":30,"iconIdx":14},{"icon":{"paths":["M915.2 32l-544 793.6-294.4-208-76.8 112 348.8 246.4c16 9.6 35.2 19.2 51.2 16s32-16 41.6-32l582.4-848-108.8-80z"],"attrs":[{}],"isMulticolor":false,"isMulticolor2":false,"grid":32,"tags":["checkmark"]},"attrs":[{}],"properties":{"order":661,"id":10,"name":"st-checkmark","prevSize":32,"code":59396},"setIdx":17,"setId":30,"iconIdx":15},{"icon":{"paths":["M512 0c-281.6 0-512 230.4-512 512s230.4 512 512 512 512-230.4 512-512-230.4-512-512-512zM473.6 748.8c-6.4 9.6-12.8 16-22.4 16s-19.2-3.2-28.8-9.6l-185.6-131.2 41.6-60.8 156.8 112 288-422.4 57.6 41.6-307.2 454.4z"],"attrs":[{}],"isMulticolor":false,"isMulticolor2":false,"grid":32,"tags":["checkmark-circle"]},"attrs":[{}],"properties":{"order":662,"id":11,"name":"st-checkmark-circle","prevSize":32,"code":59397},"setIdx":17,"setId":30,"iconIdx":16},{"icon":{"paths":["M1024 102.4l-102.4-102.4-409.6 409.6-409.6-409.6-102.4 102.4 409.6 409.6-409.6 409.6 102.4 102.4 409.6-409.6 409.6 409.6 102.4-102.4-409.6-409.6 409.6-409.6z"],"attrs":[{}],"isMulticolor":false,"isMulticolor2":false,"grid":32,"tags":["close-01"]},"attrs":[{}],"properties":{"order":663,"id":8,"name":"st-close-01","prevSize":32,"code":59398},"setIdx":17,"setId":30,"iconIdx":17},{"icon":{"paths":["M1024 48l-48-48-464 464-464-464-48 48 464 464-464 464 48 48 464-464 464 464 48-48-464-464z"],"attrs":[{}],"isMulticolor":false,"isMulticolor2":false,"grid":32,"tags":["close-02"]},"attrs":[{}],"properties":{"order":664,"id":20,"name":"st-close-02","prevSize":32,"code":59442},"setIdx":17,"setId":30,"iconIdx":18},{"icon":{"paths":["M512 0c-281.6 0-512 230.4-512 512s230.4 512 512 512 512-230.4 512-512c0-281.6-230.4-512-512-512zM768 716.8l-51.2 51.2-204.8-204.8-204.8 204.8-51.2-51.2 204.8-204.8-204.8-204.8 51.2-51.2 204.8 204.8 204.8-204.8 51.2 51.2-204.8 204.8 204.8 204.8z"],"attrs":[{}],"isMulticolor":false,"isMulticolor2":false,"grid":32,"tags":["close-circle"]},"attrs":[{}],"properties":{"order":665,"id":9,"name":"st-close-circle","prevSize":32,"code":59399},"setIdx":17,"setId":30,"iconIdx":19},{"icon":{"paths":["M404.211 0h215.579v700.632h-215.579v-700.632z","M404.211 808.421h215.579v215.579h-215.579v-215.579z"],"attrs":[{},{}],"isMulticolor":false,"isMulticolor2":false,"grid":32,"tags":["exclamation mark"]},"attrs":[{},{}],"properties":{"order":666,"id":6,"name":"st-exclamation-mark","prevSize":32,"code":59400},"setIdx":17,"setId":30,"iconIdx":20},{"icon":{"paths":["M512 0c-281.6 0-512 230.4-512 512s230.4 512 512 512 512-230.4 512-512c0-281.6-230.4-512-512-512zM576 816h-128v-128h128v128zM576 624h-128v-416h128v416z"],"attrs":[{}],"isMulticolor":false,"isMulticolor2":false,"grid":32,"tags":["exclamation mark-circle"]},"attrs":[{}],"properties":{"order":667,"id":7,"name":"st-exclamation-mark-circle","prevSize":32,"code":59401},"setIdx":17,"setId":30,"iconIdx":21},{"icon":{"paths":["M404.211 323.368h215.579v700.632h-215.579v-700.632z","M512 215.579c59.284 0 107.789-48.505 107.789-107.789s-48.505-107.789-107.789-107.789-107.789 48.505-107.789 107.789 48.505 107.789 107.789 107.789z"],"attrs":[{},{}],"isMulticolor":false,"isMulticolor2":false,"grid":32,"tags":["i"]},"attrs":[{},{}],"properties":{"order":668,"id":4,"name":"st-i","prevSize":32,"code":59408},"setIdx":17,"setId":30,"iconIdx":22},{"icon":{"paths":["M512 0c-281.6 0-512 230.4-512 512s230.4 512 512 512 512-230.4 512-512c0-281.6-230.4-512-512-512zM576 816h-128v-416h128v416zM512 336c-35.2 0-64-28.8-64-64s28.8-64 64-64 64 28.8 64 64c0 35.2-28.8 64-64 64z"],"attrs":[{}],"isMulticolor":false,"isMulticolor2":false,"grid":32,"tags":["i-circle"]},"attrs":[{}],"properties":{"order":669,"id":5,"name":"st-i-circle","prevSize":32,"code":59409},"setIdx":17,"setId":30,"iconIdx":23},{"icon":{"paths":["M0 0v1024l832-512-832-512z"],"attrs":[{}],"width":832,"isMulticolor":false,"isMulticolor2":false,"grid":32,"tags":["play"]},"attrs":[{}],"properties":{"order":670,"id":2,"name":"st-play","prevSize":32,"code":59410},"setIdx":17,"setId":30,"iconIdx":24},{"icon":{"paths":["M512 0c-281.6 0-512 230.4-512 512s230.4 512 512 512 512-230.4 512-512-230.4-512-512-512zM352 752v-480l384 240-384 240z"],"attrs":[{}],"isMulticolor":false,"isMulticolor2":false,"grid":32,"tags":["play-circle"]},"attrs":[{}],"properties":{"order":671,"id":3,"name":"st-play-circle","prevSize":32,"code":59411},"setIdx":17,"setId":30,"iconIdx":25},{"icon":{"paths":["M242.526 107.789c16.168-16.168 32.337-26.947 53.895-43.116s37.726-26.947 59.284-32.337c21.558-10.779 43.116-16.168 70.063-21.558s53.895-10.779 86.232-10.779c37.726 0 75.453 5.389 107.789 16.168s59.284 26.947 86.232 48.505c21.558 21.558 43.116 48.505 53.895 75.453 16.168 37.726 21.558 70.063 21.558 107.789s-5.389 70.063-16.168 97.011-21.558 48.505-37.726 64.674c-16.168 21.558-32.337 37.726-48.505 53.895s-37.726 26.947-53.895 43.116c-16.168 10.779-32.337 26.947-43.116 37.726s-21.558 26.947-21.558 43.116l-16.168 107.789h-118.568l-10.779-118.568c0 0 0-5.389 0-5.389s0-5.389 0-5.389c0-21.558 5.389-37.726 16.168-53.895s21.558-32.337 37.726-43.116c16.168-21.558 32.337-37.726 48.505-48.505 16.168-16.168 32.337-26.947 48.505-43.116s26.947-32.337 37.726-53.895c10.779-16.168 16.168-37.726 16.168-64.674 0-21.558 0-32.337-5.389-48.505-10.779-16.168-16.168-26.947-26.947-37.726-10.779-5.389-26.947-16.168-43.116-21.558s-32.337-5.389-48.505-5.389c-26.947 0-48.505 5.389-70.063 10.779-16.168 5.389-32.337 10.779-43.116 16.168-16.168 10.779-26.947 16.168-32.337 21.558-10.779 5.389-21.558 10.779-26.947 10.779-16.168 0-26.947-10.779-37.726-21.558l-43.116-75.453zM377.263 916.211c0-16.168 0-26.947 5.389-43.116s10.779-26.947 21.558-32.337 21.558-16.168 32.337-21.558c16.168-10.779 26.947-10.779 43.116-10.779s26.947 5.389 43.116 10.779c10.779 5.389 21.558 16.168 32.337 21.558s16.168 21.558 21.558 32.337c5.389 16.168 10.779 26.947 10.779 43.116s-5.389 32.337-10.779 43.116c-5.389 10.779-10.779 21.558-21.558 32.337s-21.558 16.168-32.337 21.558c-16.168 5.389-26.947 10.779-43.116 10.779s-26.947-5.389-43.116-10.779c-10.779-5.389-26.947-10.779-32.337-21.558-10.779-10.779-16.168-21.558-21.558-32.337s-5.389-26.947-5.389-43.116z"],"attrs":[{}],"isMulticolor":false,"isMulticolor2":false,"grid":32,"tags":["question mark"]},"attrs":[{}],"properties":{"order":672,"id":0,"name":"st-question-mark","prevSize":32,"code":59412},"setIdx":17,"setId":30,"iconIdx":26},{"icon":{"paths":["M512 0c-281.6 0-512 230.4-512 512s230.4 512 512 512 512-230.4 512-512c0-281.6-230.4-512-512-512zM547.2 742.4c-3.2 6.4-6.4 12.8-12.8 19.2s-9.6 9.6-16 12.8c-6.4 3.2-12.8 3.2-22.4 3.2-6.4 0-16 0-22.4-3.2s-12.8-6.4-16-12.8-9.6-9.6-12.8-19.2c-3.2-6.4-3.2-12.8-3.2-22.4 0-6.4 0-16 3.2-22.4s6.4-12.8 12.8-19.2 9.6-9.6 16-12.8c6.4-3.2 12.8-3.2 22.4-3.2 6.4 0 16 0 22.4 3.2s12.8 6.4 16 12.8 9.6 9.6 12.8 19.2c3.2 6.4 3.2 16 3.2 22.4-0 9.6-0 16-3.2 22.4zM643.2 422.4c-6.4 12.8-12.8 25.6-19.2 35.2-9.6 9.6-16 19.2-25.6 25.6s-19.2 16-25.6 22.4c-9.6 6.4-16 12.8-22.4 19.2s-9.6 12.8-9.6 22.4l-9.6 54.4h-60.8l-9.6-57.6c0 0 0-3.2 0-3.2s0-3.2 0-3.2c0-9.6 3.2-19.2 6.4-28.8 6.4-9.6 12.8-16 19.2-22.4s16-12.8 25.6-22.4 19.2-12.8 25.6-22.4 16-16 19.2-25.6c6.4-9.6 6.4-22.4 6.4-35.2 0-9.6 0-16-6.4-25.6-3.2-6.4-6.4-12.8-12.8-19.2s-12.8-9.6-19.2-12.8c-3.2 0-12.8-3.2-22.4-3.2-12.8 0-25.6 0-35.2 3.2s-16 6.4-25.6 9.6c-6.4 3.2-12.8 6.4-16 9.6-3.2 6.4-6.4 9.6-9.6 9.6-9.6 0-16-3.2-19.2-12.8l-22.4-38.4c9.6-6.4 16-16 25.6-22.4s19.2-12.8 32-19.2c12.8-6.4 22.4-9.6 35.2-12.8 12.8-0 28.8-0 44.8-0 22.4 0 38.4 3.2 57.6 9.6 16 6.4 32 16 44.8 25.6s22.4 25.6 28.8 41.6c6.4 16 9.6 32 9.6 54.4-3.2 16-3.2 32-9.6 44.8z"],"attrs":[{}],"isMulticolor":false,"isMulticolor2":false,"grid":32,"tags":["question mark-circle"]},"attrs":[{}],"properties":{"order":673,"id":1,"name":"st-question-mark-circle","prevSize":32,"code":59413},"setIdx":17,"setId":30,"iconIdx":27}],"height":1024,"metadata":{"name":"icomoon"},"preferences":{"showGlyphs":true,"showCodes":true,"showQuickUse":true,"showQuickUse2":false,"showSVGs":true,"fontPref":{"prefix":"icon-","metadata":{"fontFamily":"icomoon"},"metrics":{"emSize":1024,"baseline":6.25,"whitespace":50},"embed":false},"imagePref":{"prefix":"icon-","png":true,"useClassSelector":true,"color":0,"bgColor":16777215,"classSelector":".icon","name":"icomoon"},"historySize":50,"gridSize":16,"showGrid":false}}