{
    "key": "group_5f840353f346f",
    "title": "Sideopbygning",
    "fields": [
        {
            "key": "field_5f840376fd2ab",
            "label": "Sektioner",
            "name": "flex_content",
            "type": "flexible_content",
            "instructions": "",
            "required": 0,
            "conditional_logic": 0,
            "wrapper": {
                "width": "",
                "class": "",
                "id": ""
            },
            "layouts": {
                "layout_5f6db0a1bab41": {
                    "key": "layout_5f6db0a1bab41",
                    "name": "variable_content",
                    "label": "Variabelt Content",
                    "display": "block",
                    "sub_fields": [
                        {
                            "key": "field_5f6db0a1bab42",
                            "label": "col 12",
                            "name": "col_12",
                            "type": "column",
                            "instructions": "",
                            "required": 0,
                            "conditional_logic": 0,
                            "wrapper": {
                                "width": "",
                                "class": "",
                                "id": ""
                            },
                            "column": "1_1"
                        },
                        {
                            "key": "field_5f6db0a1bab43",
                            "label": "Tekst",
                            "name": "text",
                            "type": "wysiwyg",
                            "instructions": "",
                            "required": 0,
                            "conditional_logic": 0,
                            "wrapper": {
                                "width": "",
                                "class": "",
                                "id": ""
                            },
                            "default_value": "",
                            "tabs": "all",
                            "toolbar": "full",
                            "media_upload": 1,
                            "delay": 0
                        },
                        {
                            "key": "field_5f6db0a1bab44",
                            "label": "col 4",
                            "name": "col_5",
                            "type": "column",
                            "instructions": "",
                            "required": 0,
                            "conditional_logic": 0,
                            "wrapper": {
                                "width": "",
                                "class": "",
                                "id": ""
                            },
                            "column": "1_3"
                        },
                        {
                            "key": "field_5f6db0a1bab45",
                            "label": "Vælg antal kolonner",
                            "name": "cols",
                            "type": "radio",
                            "instructions": "",
                            "required": 0,
                            "conditional_logic": 0,
                            "wrapper": {
                                "width": "",
                                "class": "",
                                "id": ""
                            },
                            "choices": {
                                "1": "1 Kolonne",
                                "2": "2 Kolonner",
                                "3": "3 Kolonner",
                                "4": "4 Kolonner"
                            },
                            "allow_null": 0,
                            "other_choice": 0,
                            "save_other_choice": 0,
                            "default_value": "",
                            "layout": "vertical",
                            "return_format": "value"
                        },
                        {
                            "key": "field_5f6db0a1bab46",
                            "label": "col 4",
                            "name": "col_4",
                            "type": "column",
                            "instructions": "",
                            "required": 0,
                            "conditional_logic": 0,
                            "wrapper": {
                                "width": "",
                                "class": "",
                                "id": ""
                            },
                            "column": "1_3"
                        },
                        {
                            "key": "field_5f6db0a1bab47",
                            "label": "Størrelse på element",
                            "name": "size",
                            "type": "radio",
                            "instructions": "",
                            "required": 0,
                            "conditional_logic": 0,
                            "wrapper": {
                                "width": "",
                                "class": "",
                                "id": ""
                            },
                            "choices": {
                                "contained": "Contained",
                                "full": "Full-width"
                            },
                            "allow_null": 0,
                            "other_choice": 0,
                            "save_other_choice": 0,
                            "default_value": "",
                            "layout": "vertical",
                            "return_format": "value"
                        },
                        {
                            "key": "field_5f6dbcf6476dc",
                            "label": "Margin",
                            "name": "mg",
                            "type": "radio",
                            "instructions": "",
                            "required": 0,
                            "conditional_logic": 0,
                            "wrapper": {
                                "width": "",
                                "class": "",
                                "id": ""
                            },
                            "choices": {
                                "yes": "Ja",
                                "no": "Nej"
                            },
                            "allow_null": 0,
                            "other_choice": 0,
                            "default_value": "yes",
                            "layout": "vertical",
                            "return_format": "value",
                            "save_other_choice": 0
                        },
                        {
                            "key": "field_5f6db0a1bab48",
                            "label": "col 4",
                            "name": "col_5",
                            "type": "column",
                            "instructions": "",
                            "required": 0,
                            "conditional_logic": 0,
                            "wrapper": {
                                "width": "",
                                "class": "",
                                "id": ""
                            },
                            "column": "1_3"
                        },
                        {
                            "key": "field_5faaaa602bde3",
                            "label": "Baggrundsfarve",
                            "name": "backgroundcolor",
                            "type": "color_picker",
                            "instructions": "#D4D6B4 : Lysegrøn",
                            "required": 0,
                            "conditional_logic": 0,
                            "wrapper": {
                                "width": "",
                                "class": "",
                                "id": ""
                            },
                            "default_value": ""
                        },
                        {
                            "key": "field_5fabd194952ed",
                            "label": "Tekstfarve",
                            "name": "txcolor",
                            "type": "radio",
                            "instructions": "",
                            "required": 0,
                            "conditional_logic": 0,
                            "wrapper": {
                                "width": "",
                                "class": "",
                                "id": ""
                            },
                            "choices": {
                                "#000000": "Sort",
                                "#ffffff": "Hvid"
                            },
                            "allow_null": 0,
                            "other_choice": 0,
                            "default_value": "#ffffff",
                            "layout": "vertical",
                            "return_format": "value",
                            "save_other_choice": 0
                        },
                        {
                            "key": "field_5f6db0a1bab4d",
                            "label": "col 12",
                            "name": "col_13",
                            "type": "column",
                            "instructions": "",
                            "required": 0,
                            "conditional_logic": 0,
                            "wrapper": {
                                "width": "",
                                "class": "",
                                "id": ""
                            },
                            "column": "1_1"
                        },
                        {
                            "key": "field_5f6db0a1bab4e",
                            "label": "Indhold",
                            "name": "",
                            "type": "message",
                            "instructions": "",
                            "required": 0,
                            "conditional_logic": 0,
                            "wrapper": {
                                "width": "",
                                "class": "",
                                "id": ""
                            },
                            "message": "",
                            "new_lines": "wpautop",
                            "esc_html": 0
                        },
                        {
                            "key": "field_5f6db0a1bab4f",
                            "label": "col 3",
                            "name": "col_3",
                            "type": "column",
                            "instructions": "",
                            "required": 0,
                            "conditional_logic": 0,
                            "wrapper": {
                                "width": "",
                                "class": "",
                                "id": ""
                            },
                            "column": "1_4"
                        },
                        {
                            "key": "field_5f6db0a1bab50",
                            "label": "1 Kolonne",
                            "name": "c1",
                            "type": "group",
                            "instructions": "",
                            "required": 0,
                            "conditional_logic": [
                                [
                                    {
                                        "field": "field_5f6db0a1bab45",
                                        "operator": "==",
                                        "value": "1"
                                    }
                                ],
                                [
                                    {
                                        "field": "field_5f6db0a1bab45",
                                        "operator": "==",
                                        "value": "2"
                                    }
                                ],
                                [
                                    {
                                        "field": "field_5f6db0a1bab45",
                                        "operator": "==",
                                        "value": "3"
                                    }
                                ],
                                [
                                    {
                                        "field": "field_5f6db0a1bab45",
                                        "operator": "==",
                                        "value": "4"
                                    }
                                ]
                            ],
                            "wrapper": {
                                "width": "",
                                "class": "",
                                "id": ""
                            },
                            "layout": "block",
                            "sub_fields": [
                                {
                                    "key": "field_5f6db0a1bab51",
                                    "label": "Tekst",
                                    "name": "text",
                                    "type": "wysiwyg",
                                    "instructions": "",
                                    "required": 0,
                                    "conditional_logic": 0,
                                    "wrapper": {
                                        "width": "",
                                        "class": "",
                                        "id": ""
                                    },
                                    "default_value": "",
                                    "tabs": "all",
                                    "toolbar": "full",
                                    "media_upload": 1,
                                    "delay": 1
                                },
                                {
                                    "key": "field_5f6db0a1bab52",
                                    "label": "Baggrundsfarve",
                                    "name": "color",
                                    "type": "color_picker",
                                    "instructions": "",
                                    "required": 0,
                                    "conditional_logic": 0,
                                    "wrapper": {
                                        "width": "",
                                        "class": "",
                                        "id": ""
                                    },
                                    "default_value": ""
                                }
                            ]
                        },
                        {
                            "key": "field_5f6db0a1bab53",
                            "label": "col 3",
                            "name": "col_4",
                            "type": "column",
                            "instructions": "",
                            "required": 0,
                            "conditional_logic": 0,
                            "wrapper": {
                                "width": "",
                                "class": "",
                                "id": ""
                            },
                            "column": "1_4"
                        },
                        {
                            "key": "field_5f6db0a1bab54",
                            "label": "2 Kolonne",
                            "name": "c2",
                            "type": "group",
                            "instructions": "",
                            "required": 0,
                            "conditional_logic": [
                                [
                                    {
                                        "field": "field_5f6db0a1bab45",
                                        "operator": "==",
                                        "value": "2"
                                    }
                                ],
                                [
                                    {
                                        "field": "field_5f6db0a1bab45",
                                        "operator": "==",
                                        "value": "3"
                                    }
                                ],
                                [
                                    {
                                        "field": "field_5f6db0a1bab45",
                                        "operator": "==",
                                        "value": "4"
                                    }
                                ]
                            ],
                            "wrapper": {
                                "width": "",
                                "class": "",
                                "id": ""
                            },
                            "layout": "block",
                            "sub_fields": [
                                {
                                    "key": "field_5f6db0a1bab55",
                                    "label": "Tekst",
                                    "name": "text",
                                    "type": "wysiwyg",
                                    "instructions": "",
                                    "required": 0,
                                    "conditional_logic": 0,
                                    "wrapper": {
                                        "width": "",
                                        "class": "",
                                        "id": ""
                                    },
                                    "default_value": "",
                                    "tabs": "all",
                                    "toolbar": "full",
                                    "media_upload": 1,
                                    "delay": 1
                                },
                                {
                                    "key": "field_5f6db0a1bab56",
                                    "label": "Baggrundsfarve",
                                    "name": "color",
                                    "type": "color_picker",
                                    "instructions": "",
                                    "required": 0,
                                    "conditional_logic": 0,
                                    "wrapper": {
                                        "width": "",
                                        "class": "",
                                        "id": ""
                                    },
                                    "default_value": ""
                                }
                            ]
                        },
                        {
                            "key": "field_5f6db0a1bab57",
                            "label": "col 3",
                            "name": "col_5",
                            "type": "column",
                            "instructions": "",
                            "required": 0,
                            "conditional_logic": 0,
                            "wrapper": {
                                "width": "",
                                "class": "",
                                "id": ""
                            },
                            "column": "1_4"
                        },
                        {
                            "key": "field_5f6db0a1bab58",
                            "label": "3 Kolonne",
                            "name": "c3",
                            "type": "group",
                            "instructions": "",
                            "required": 0,
                            "conditional_logic": [
                                [
                                    {
                                        "field": "field_5f6db0a1bab45",
                                        "operator": "==",
                                        "value": "3"
                                    }
                                ],
                                [
                                    {
                                        "field": "field_5f6db0a1bab45",
                                        "operator": "==",
                                        "value": "4"
                                    }
                                ]
                            ],
                            "wrapper": {
                                "width": "",
                                "class": "",
                                "id": ""
                            },
                            "layout": "block",
                            "sub_fields": [
                                {
                                    "key": "field_5f6db0a2bab59",
                                    "label": "Tekst",
                                    "name": "text",
                                    "type": "wysiwyg",
                                    "instructions": "",
                                    "required": 0,
                                    "conditional_logic": 0,
                                    "wrapper": {
                                        "width": "",
                                        "class": "",
                                        "id": ""
                                    },
                                    "default_value": "",
                                    "tabs": "all",
                                    "toolbar": "full",
                                    "media_upload": 1,
                                    "delay": 1
                                },
                                {
                                    "key": "field_5f6db0a2bab5a",
                                    "label": "Baggrundsfarve",
                                    "name": "color",
                                    "type": "color_picker",
                                    "instructions": "",
                                    "required": 0,
                                    "conditional_logic": 0,
                                    "wrapper": {
                                        "width": "",
                                        "class": "",
                                        "id": ""
                                    },
                                    "default_value": ""
                                }
                            ]
                        },
                        {
                            "key": "field_5f6db0a2bab5b",
                            "label": "col 3",
                            "name": "col_5",
                            "type": "column",
                            "instructions": "",
                            "required": 0,
                            "conditional_logic": 0,
                            "wrapper": {
                                "width": "",
                                "class": "",
                                "id": ""
                            },
                            "column": "1_4"
                        },
                        {
                            "key": "field_5f6db0a2bab5c",
                            "label": "4 Kolonne",
                            "name": "c4",
                            "type": "group",
                            "instructions": "",
                            "required": 0,
                            "conditional_logic": [
                                [
                                    {
                                        "field": "field_5f6db0a1bab45",
                                        "operator": "==",
                                        "value": "4"
                                    }
                                ]
                            ],
                            "wrapper": {
                                "width": "",
                                "class": "",
                                "id": ""
                            },
                            "layout": "block",
                            "sub_fields": [
                                {
                                    "key": "field_5f6db0a2bab5d",
                                    "label": "Tekst",
                                    "name": "text",
                                    "type": "wysiwyg",
                                    "instructions": "",
                                    "required": 0,
                                    "conditional_logic": 0,
                                    "wrapper": {
                                        "width": "",
                                        "class": "",
                                        "id": ""
                                    },
                                    "default_value": "",
                                    "tabs": "all",
                                    "toolbar": "full",
                                    "media_upload": 1,
                                    "delay": 1
                                },
                                {
                                    "key": "field_5f6db0a2bab5e",
                                    "label": "Baggrundsfarve",
                                    "name": "color",
                                    "type": "color_picker",
                                    "instructions": "",
                                    "required": 0,
                                    "conditional_logic": 0,
                                    "wrapper": {
                                        "width": "",
                                        "class": "",
                                        "id": ""
                                    },
                                    "default_value": ""
                                }
                            ]
                        }
                    ],
                    "min": "",
                    "max": ""
                },
                "layout_5f840381121a5": {
                    "key": "layout_5f840381121a5",
                    "name": "c1_frontpagepicture",
                    "label": "1 Kolonne - Tekst på billede",
                    "display": "block",
                    "sub_fields": [
                        {
                            "key": "field_5f840486f5847",
                            "label": "col6_left",
                            "name": "col6_left",
                            "type": "column",
                            "instructions": "",
                            "required": 0,
                            "conditional_logic": 0,
                            "wrapper": {
                                "width": "",
                                "class": "",
                                "id": ""
                            },
                            "column": "1_2"
                        },
                        {
                            "key": "field_5f840477fd2ad",
                            "label": "Video",
                            "name": "img",
                            "type": "oembed",
                            "instructions": "",
                            "required": 0,
                            "conditional_logic": 0,
                            "wrapper": {
                                "width": "",
                                "class": "",
                                "id": ""
                            },
                            "width": "",
                            "height": ""
                        },
                        {
                            "key": "field_5f8404c1f5849",
                            "label": "Tekst",
                            "name": "text",
                            "type": "wysiwyg",
                            "instructions": "",
                            "required": 0,
                            "conditional_logic": 0,
                            "wrapper": {
                                "width": "",
                                "class": "",
                                "id": ""
                            },
                            "default_value": "",
                            "tabs": "all",
                            "toolbar": "full",
                            "media_upload": 1,
                            "delay": 0
                        },
                        {
                            "key": "field_5f8404a7f5848",
                            "label": "col6_right",
                            "name": "col6_right",
                            "type": "column",
                            "instructions": "",
                            "required": 0,
                            "conditional_logic": 0,
                            "wrapper": {
                                "width": "",
                                "class": "",
                                "id": ""
                            },
                            "column": "1_2"
                        },
                        {
                            "key": "field_5fbbb46f6700f",
                            "label": "Mobil forsidebillede",
                            "name": "mobilepicture",
                            "type": "image",
                            "instructions": "",
                            "required": 0,
                            "conditional_logic": 0,
                            "wrapper": {
                                "width": "",
                                "class": "",
                                "id": ""
                            },
                            "return_format": "array",
                            "preview_size": "medium",
                            "library": "all",
                            "min_width": "",
                            "min_height": "",
                            "min_size": "",
                            "max_width": "",
                            "max_height": "",
                            "max_size": "",
                            "mime_types": ""
                        },
                        {
                            "key": "field_5f8404dbf584a",
                            "label": "Knapper",
                            "name": "btns",
                            "type": "repeater",
                            "instructions": "",
                            "required": 0,
                            "conditional_logic": 0,
                            "wrapper": {
                                "width": "",
                                "class": "",
                                "id": ""
                            },
                            "collapsed": "",
                            "min": 0,
                            "max": 0,
                            "layout": "table",
                            "button_label": "",
                            "sub_fields": [
                                {
                                    "key": "field_5f8404fbf584b",
                                    "label": "Knap",
                                    "name": "btn",
                                    "type": "link",
                                    "instructions": "",
                                    "required": 0,
                                    "conditional_logic": 0,
                                    "wrapper": {
                                        "width": "",
                                        "class": "",
                                        "id": ""
                                    },
                                    "return_format": "array"
                                }
                            ]
                        }
                    ],
                    "min": "",
                    "max": ""
                },
                "layout_5f84465e6b023": {
                    "key": "layout_5f84465e6b023",
                    "name": "c3_safaridestinations",
                    "label": "3 Kolonner - Safari Destinationer ",
                    "display": "block",
                    "sub_fields": [
                        {
                            "key": "field_5f8447726b029",
                            "label": "col12",
                            "name": "col12",
                            "type": "column",
                            "instructions": "",
                            "required": 0,
                            "conditional_logic": 0,
                            "wrapper": {
                                "width": "",
                                "class": "",
                                "id": ""
                            },
                            "column": "1_1"
                        },
                        {
                            "key": "field_5f8447836b02a",
                            "label": "Baggrundsbillede",
                            "name": "bg",
                            "type": "image",
                            "instructions": "",
                            "required": 0,
                            "conditional_logic": 0,
                            "wrapper": {
                                "width": "",
                                "class": "",
                                "id": ""
                            },
                            "return_format": "array",
                            "preview_size": "medium",
                            "library": "all",
                            "min_width": "",
                            "min_height": "",
                            "min_size": "",
                            "max_width": "",
                            "max_height": "",
                            "max_size": "",
                            "mime_types": ""
                        },
                        {
                            "key": "field_5f8446a96b025",
                            "label": "col6_left",
                            "name": "col6_left",
                            "type": "column",
                            "instructions": "",
                            "required": 0,
                            "conditional_logic": 0,
                            "wrapper": {
                                "width": "",
                                "class": "",
                                "id": ""
                            },
                            "column": "1_2"
                        },
                        {
                            "key": "field_5f8447486b028",
                            "label": "Tekst",
                            "name": "text",
                            "type": "wysiwyg",
                            "instructions": "",
                            "required": 0,
                            "conditional_logic": 0,
                            "wrapper": {
                                "width": "",
                                "class": "",
                                "id": ""
                            },
                            "default_value": "",
                            "tabs": "all",
                            "toolbar": "full",
                            "media_upload": 1,
                            "delay": 0
                        },
                        {
                            "key": "field_5f84469b6b024",
                            "label": "col6_right",
                            "name": "col6_right",
                            "type": "column",
                            "instructions": "",
                            "required": 0,
                            "conditional_logic": 0,
                            "wrapper": {
                                "width": "",
                                "class": "",
                                "id": ""
                            },
                            "column": "1_2"
                        },
                        {
                            "key": "field_5f8449136b02b",
                            "label": "Knap",
                            "name": "btn",
                            "type": "link",
                            "instructions": "",
                            "required": 0,
                            "conditional_logic": 0,
                            "wrapper": {
                                "width": "",
                                "class": "",
                                "id": ""
                            },
                            "return_format": "array"
                        },
                        {
                            "key": "field_5f8446c86b026",
                            "label": "col12",
                            "name": "col12",
                            "type": "column",
                            "instructions": "",
                            "required": 0,
                            "conditional_logic": 0,
                            "wrapper": {
                                "width": "",
                                "class": "",
                                "id": ""
                            },
                            "column": "1_1"
                        },
                        {
                            "key": "field_5fd3382db6ed0",
                            "label": "Destinationer",
                            "name": "",
                            "type": "message",
                            "instructions": "",
                            "required": 0,
                            "conditional_logic": 0,
                            "wrapper": {
                                "width": "",
                                "class": "",
                                "id": ""
                            },
                            "message": "Herunder vises alle destinationer",
                            "new_lines": "wpautop",
                            "esc_html": 0
                        }
                    ],
                    "min": "",
                    "max": ""
                },
                "layout_5f8551269e3be": {
                    "key": "layout_5f8551269e3be",
                    "name": "c3_safari",
                    "label": "3 Kolonner - Safari",
                    "display": "block",
                    "sub_fields": [
                        {
                            "key": "field_5f8551269e3bf",
                            "label": "col12",
                            "name": "col12",
                            "type": "column",
                            "instructions": "",
                            "required": 0,
                            "conditional_logic": 0,
                            "wrapper": {
                                "width": "",
                                "class": "",
                                "id": ""
                            },
                            "column": "1_1"
                        },
                        {
                            "key": "field_5f8551269e3c0",
                            "label": "Baggrundsbillede",
                            "name": "bg",
                            "type": "image",
                            "instructions": "",
                            "required": 0,
                            "conditional_logic": 0,
                            "wrapper": {
                                "width": "",
                                "class": "",
                                "id": ""
                            },
                            "return_format": "array",
                            "preview_size": "medium",
                            "library": "all",
                            "min_width": "",
                            "min_height": "",
                            "min_size": "",
                            "max_width": "",
                            "max_height": "",
                            "max_size": "",
                            "mime_types": ""
                        },
                        {
                            "key": "field_5f8551269e3c1",
                            "label": "col6_left",
                            "name": "col6_left",
                            "type": "column",
                            "instructions": "",
                            "required": 0,
                            "conditional_logic": 0,
                            "wrapper": {
                                "width": "",
                                "class": "",
                                "id": ""
                            },
                            "column": "1_2"
                        },
                        {
                            "key": "field_5f8551269e3c2",
                            "label": "Tekst",
                            "name": "text",
                            "type": "wysiwyg",
                            "instructions": "",
                            "required": 0,
                            "conditional_logic": 0,
                            "wrapper": {
                                "width": "",
                                "class": "",
                                "id": ""
                            },
                            "default_value": "",
                            "tabs": "all",
                            "toolbar": "full",
                            "media_upload": 1,
                            "delay": 0
                        },
                        {
                            "key": "field_5f8551269e3c3",
                            "label": "col6_right",
                            "name": "col6_right",
                            "type": "column",
                            "instructions": "",
                            "required": 0,
                            "conditional_logic": 0,
                            "wrapper": {
                                "width": "",
                                "class": "",
                                "id": ""
                            },
                            "column": "1_2"
                        },
                        {
                            "key": "field_5f8551269e3c4",
                            "label": "Knap",
                            "name": "btn",
                            "type": "link",
                            "instructions": "",
                            "required": 0,
                            "conditional_logic": 0,
                            "wrapper": {
                                "width": "",
                                "class": "",
                                "id": ""
                            },
                            "return_format": "array"
                        },
                        {
                            "key": "field_5f8551269e3c5",
                            "label": "col12",
                            "name": "col12",
                            "type": "column",
                            "instructions": "",
                            "required": 0,
                            "conditional_logic": 0,
                            "wrapper": {
                                "width": "",
                                "class": "",
                                "id": ""
                            },
                            "column": "1_1"
                        },
                        {
                            "key": "field_5f8569ffc9d1f",
                            "label": "Safari",
                            "name": "",
                            "type": "message",
                            "instructions": "",
                            "required": 0,
                            "conditional_logic": [
                                [
                                    {
                                        "field": "field_5f840376fd2ab",
                                        "operator": "!=empty"
                                    }
                                ]
                            ],
                            "wrapper": {
                                "width": "",
                                "class": "",
                                "id": ""
                            },
                            "message": "Herunder bliver alle rejser vist",
                            "new_lines": "wpautop",
                            "esc_html": 0
                        }
                    ],
                    "min": "",
                    "max": ""
                },
                "layout_5f844f19a7298": {
                    "key": "layout_5f844f19a7298",
                    "name": "c3_pic_text",
                    "label": "3 kolonner - Billede - Tekst",
                    "display": "block",
                    "sub_fields": [
                        {
                            "key": "field_5f844f62a7299",
                            "label": "col12",
                            "name": "col12",
                            "type": "column",
                            "instructions": "",
                            "required": 0,
                            "conditional_logic": 0,
                            "wrapper": {
                                "width": "",
                                "class": "",
                                "id": ""
                            },
                            "column": "1_1"
                        },
                        {
                            "key": "field_5f844f6fa729a",
                            "label": "Overskrift",
                            "name": "texts",
                            "type": "wysiwyg",
                            "instructions": "",
                            "required": 0,
                            "conditional_logic": 0,
                            "wrapper": {
                                "width": "",
                                "class": "",
                                "id": ""
                            },
                            "default_value": "",
                            "tabs": "all",
                            "toolbar": "full",
                            "media_upload": 1,
                            "delay": 0
                        },
                        {
                            "key": "field_5f844f99a729b",
                            "label": "Billeder",
                            "name": "imgs",
                            "type": "repeater",
                            "instructions": "",
                            "required": 0,
                            "conditional_logic": 0,
                            "wrapper": {
                                "width": "",
                                "class": "",
                                "id": ""
                            },
                            "collapsed": "",
                            "min": 3,
                            "max": 3,
                            "layout": "table",
                            "button_label": "",
                            "sub_fields": [
                                {
                                    "key": "field_5f844fbaa729c",
                                    "label": "Billede",
                                    "name": "img",
                                    "type": "image",
                                    "instructions": "",
                                    "required": 0,
                                    "conditional_logic": 0,
                                    "wrapper": {
                                        "width": "",
                                        "class": "",
                                        "id": ""
                                    },
                                    "return_format": "array",
                                    "preview_size": "medium",
                                    "library": "all",
                                    "min_width": "",
                                    "min_height": "",
                                    "min_size": "",
                                    "max_width": "",
                                    "max_height": "",
                                    "max_size": "",
                                    "mime_types": ""
                                },
                                {
                                    "key": "field_5f844fcaa729d",
                                    "label": "Tekst",
                                    "name": "text",
                                    "type": "wysiwyg",
                                    "instructions": "",
                                    "required": 0,
                                    "conditional_logic": 0,
                                    "wrapper": {
                                        "width": "",
                                        "class": "",
                                        "id": ""
                                    },
                                    "default_value": "",
                                    "tabs": "all",
                                    "toolbar": "full",
                                    "media_upload": 1,
                                    "delay": 0
                                }
                            ]
                        },
                        {
                            "key": "field_5f844ffba729e",
                            "label": "Knap",
                            "name": "btn",
                            "type": "link",
                            "instructions": "",
                            "required": 0,
                            "conditional_logic": 0,
                            "wrapper": {
                                "width": "",
                                "class": "",
                                "id": ""
                            },
                            "return_format": "array"
                        }
                    ],
                    "min": "",
                    "max": ""
                },
                "layout_5f9822eb61d6f": {
                    "key": "layout_5f9822eb61d6f",
                    "name": "c3_voresture",
                    "label": "3 Kolonner - Vores ture",
                    "display": "block",
                    "sub_fields": [
                        {
                            "key": "field_5f98231961d70",
                            "label": "col12",
                            "name": "col12",
                            "type": "column",
                            "instructions": "",
                            "required": 0,
                            "conditional_logic": 0,
                            "wrapper": {
                                "width": "",
                                "class": "",
                                "id": ""
                            },
                            "column": "1_1"
                        },
                        {
                            "key": "field_5f98232961d71",
                            "label": "Ture",
                            "name": "",
                            "type": "message",
                            "instructions": "",
                            "required": 0,
                            "conditional_logic": 0,
                            "wrapper": {
                                "width": "",
                                "class": "",
                                "id": ""
                            },
                            "message": "Her bliver alle ture vist",
                            "new_lines": "wpautop",
                            "esc_html": 0
                        },
                        {
                            "key": "field_5fb29eba9a6f0",
                            "label": "Tekstboks",
                            "name": "ourtripstx",
                            "type": "wysiwyg",
                            "instructions": "",
                            "required": 0,
                            "conditional_logic": 0,
                            "wrapper": {
                                "width": "",
                                "class": "",
                                "id": ""
                            },
                            "default_value": "",
                            "tabs": "all",
                            "toolbar": "full",
                            "media_upload": 1,
                            "delay": 0
                        },
                        {
                            "key": "field_5fb29ed59a6f1",
                            "label": "Knap",
                            "name": "ourtripscta",
                            "type": "link",
                            "instructions": "",
                            "required": 0,
                            "conditional_logic": 0,
                            "wrapper": {
                                "width": "",
                                "class": "",
                                "id": ""
                            },
                            "return_format": "array"
                        }
                    ],
                    "min": "",
                    "max": ""
                },
                "layout_5fb62f7c8da2a": {
                    "key": "layout_5fb62f7c8da2a",
                    "name": "c3_tilkoeb",
                    "label": "3 Kolonner - Tilkøb",
                    "display": "block",
                    "sub_fields": [
                        {
                            "key": "field_5fb62f7c8da2b",
                            "label": "col12",
                            "name": "col12",
                            "type": "column",
                            "instructions": "",
                            "required": 0,
                            "conditional_logic": 0,
                            "wrapper": {
                                "width": "",
                                "class": "",
                                "id": ""
                            },
                            "column": "1_1"
                        },
                        {
                            "key": "field_5fb62f7c8da2d",
                            "label": "Tekstboks",
                            "name": "tilkoebtx",
                            "type": "wysiwyg",
                            "instructions": "",
                            "required": 0,
                            "conditional_logic": 0,
                            "wrapper": {
                                "width": "",
                                "class": "",
                                "id": ""
                            },
                            "default_value": "",
                            "tabs": "all",
                            "toolbar": "full",
                            "media_upload": 1,
                            "delay": 0
                        },
                        {
                            "key": "field_5fb62f7c8da2c",
                            "label": "Tilkøb",
                            "name": "",
                            "type": "message",
                            "instructions": "",
                            "required": 0,
                            "conditional_logic": 0,
                            "wrapper": {
                                "width": "",
                                "class": "",
                                "id": ""
                            },
                            "message": "Her bliver alle tilkøb vist",
                            "new_lines": "wpautop",
                            "esc_html": 0
                        }
                    ],
                    "min": "",
                    "max": ""
                },
                "layout_5faa93472ba47": {
                    "key": "layout_5faa93472ba47",
                    "name": "subpage",
                    "label": "Undersidebanner",
                    "display": "block",
                    "sub_fields": [
                        {
                            "key": "field_5faa93772ba48",
                            "label": "col12",
                            "name": "col12",
                            "type": "column",
                            "instructions": "",
                            "required": 0,
                            "conditional_logic": 0,
                            "wrapper": {
                                "width": "",
                                "class": "",
                                "id": ""
                            },
                            "column": "1_1"
                        },
                        {
                            "key": "field_5faa93812ba49",
                            "label": "Billede",
                            "name": "subpage_img",
                            "type": "image",
                            "instructions": "",
                            "required": 0,
                            "conditional_logic": 0,
                            "wrapper": {
                                "width": "",
                                "class": "",
                                "id": ""
                            },
                            "return_format": "array",
                            "preview_size": "medium",
                            "library": "all",
                            "min_width": "",
                            "min_height": "",
                            "min_size": "",
                            "max_width": "",
                            "max_height": "",
                            "max_size": "",
                            "mime_types": ""
                        }
                    ],
                    "min": "",
                    "max": ""
                },
                "layout_5faaaf916f4c1": {
                    "key": "layout_5faaaf916f4c1",
                    "name": "c2_safarisupport",
                    "label": "2 Kolonner - Safari støtte",
                    "display": "block",
                    "sub_fields": [
                        {
                            "key": "field_5faab05623188",
                            "label": "col12",
                            "name": "col12",
                            "type": "column",
                            "instructions": "",
                            "required": 0,
                            "conditional_logic": 0,
                            "wrapper": {
                                "width": "",
                                "class": "",
                                "id": ""
                            },
                            "column": "1_1"
                        },
                        {
                            "key": "field_5faaafa46f4c2",
                            "label": "Safari støtter",
                            "name": "safarisupport",
                            "type": "repeater",
                            "instructions": "",
                            "required": 0,
                            "conditional_logic": 0,
                            "wrapper": {
                                "width": "",
                                "class": "",
                                "id": ""
                            },
                            "collapsed": "",
                            "min": 0,
                            "max": 0,
                            "layout": "table",
                            "button_label": "",
                            "sub_fields": [
                                {
                                    "key": "field_5faaafda6f4c3",
                                    "label": "Billede",
                                    "name": "img",
                                    "type": "image",
                                    "instructions": "",
                                    "required": 0,
                                    "conditional_logic": 0,
                                    "wrapper": {
                                        "width": "",
                                        "class": "",
                                        "id": ""
                                    },
                                    "return_format": "array",
                                    "preview_size": "medium",
                                    "library": "all",
                                    "min_width": "",
                                    "min_height": "",
                                    "min_size": "",
                                    "max_width": "",
                                    "max_height": "",
                                    "max_size": "",
                                    "mime_types": ""
                                },
                                {
                                    "key": "field_5faaafe36f4c4",
                                    "label": "Tekstboks",
                                    "name": "txbox",
                                    "type": "wysiwyg",
                                    "instructions": "",
                                    "required": 0,
                                    "conditional_logic": 0,
                                    "wrapper": {
                                        "width": "",
                                        "class": "",
                                        "id": ""
                                    },
                                    "default_value": "",
                                    "tabs": "all",
                                    "toolbar": "full",
                                    "media_upload": 1,
                                    "delay": 0
                                },
                                {
                                    "key": "field_5faaaff26f4c5",
                                    "label": "Højdepunkter",
                                    "name": "highlights",
                                    "type": "repeater",
                                    "instructions": "",
                                    "required": 0,
                                    "conditional_logic": 0,
                                    "wrapper": {
                                        "width": "",
                                        "class": "",
                                        "id": ""
                                    },
                                    "collapsed": "",
                                    "min": 0,
                                    "max": 0,
                                    "layout": "table",
                                    "button_label": "",
                                    "sub_fields": [
                                        {
                                            "key": "field_5faab0076f4c6",
                                            "label": "Højdepunkt",
                                            "name": "tx",
                                            "type": "text",
                                            "instructions": "",
                                            "required": 0,
                                            "conditional_logic": 0,
                                            "wrapper": {
                                                "width": "",
                                                "class": "",
                                                "id": ""
                                            },
                                            "default_value": "",
                                            "placeholder": "",
                                            "prepend": "",
                                            "append": "",
                                            "maxlength": ""
                                        }
                                    ]
                                },
                                {
                                    "key": "field_5faab01d6f4c7",
                                    "label": "Tekst under billede",
                                    "name": "txunder",
                                    "type": "wysiwyg",
                                    "instructions": "",
                                    "required": 0,
                                    "conditional_logic": 0,
                                    "wrapper": {
                                        "width": "",
                                        "class": "",
                                        "id": ""
                                    },
                                    "default_value": "",
                                    "tabs": "all",
                                    "toolbar": "full",
                                    "media_upload": 1,
                                    "delay": 0
                                }
                            ]
                        }
                    ],
                    "min": "",
                    "max": ""
                },
                "layout_5facf82dcb044": {
                    "key": "layout_5facf82dcb044",
                    "name": "c3_choosetrips",
                    "label": "3 Kolonner - Forslået ture",
                    "display": "block",
                    "sub_fields": [
                        {
                            "key": "field_5facf85acb045",
                            "label": "col6",
                            "name": "col6",
                            "type": "column",
                            "instructions": "",
                            "required": 0,
                            "conditional_logic": 0,
                            "wrapper": {
                                "width": "",
                                "class": "",
                                "id": ""
                            },
                            "column": "1_2"
                        },
                        {
                            "key": "field_5facf881cb047",
                            "label": "Tekstboks",
                            "name": "choosetxbox",
                            "type": "wysiwyg",
                            "instructions": "",
                            "required": 0,
                            "conditional_logic": 0,
                            "wrapper": {
                                "width": "",
                                "class": "",
                                "id": ""
                            },
                            "default_value": "",
                            "tabs": "all",
                            "toolbar": "full",
                            "media_upload": 1,
                            "delay": 0
                        },
                        {
                            "key": "field_5facf877cb046",
                            "label": "col6",
                            "name": "col6_right",
                            "type": "column",
                            "instructions": "",
                            "required": 0,
                            "conditional_logic": 0,
                            "wrapper": {
                                "width": "",
                                "class": "",
                                "id": ""
                            },
                            "column": "1_2"
                        },
                        {
                            "key": "field_5facf8bfcb048",
                            "label": "Knap",
                            "name": "choosebutton",
                            "type": "link",
                            "instructions": "",
                            "required": 0,
                            "conditional_logic": 0,
                            "wrapper": {
                                "width": "",
                                "class": "",
                                "id": ""
                            },
                            "return_format": "array"
                        },
                        {
                            "key": "field_5facf93dcb049",
                            "label": "col12",
                            "name": "col12",
                            "type": "column",
                            "instructions": "",
                            "required": 0,
                            "conditional_logic": 0,
                            "wrapper": {
                                "width": "",
                                "class": "",
                                "id": ""
                            },
                            "column": "1_1"
                        },
                        {
                            "key": "field_5facf946cb04a",
                            "label": "Rejser",
                            "name": "choosetrips",
                            "type": "post_object",
                            "instructions": "",
                            "required": 0,
                            "conditional_logic": 0,
                            "wrapper": {
                                "width": "",
                                "class": "",
                                "id": ""
                            },
                            "post_type": [
                                "trips"
                            ],
                            "taxonomy": "",
                            "allow_null": 0,
                            "multiple": 1,
                            "return_format": "object",
                            "ui": 1
                        }
                    ],
                    "min": "",
                    "max": ""
                },
                "layout_5fad3f533232f": {
                    "key": "layout_5fad3f533232f",
                    "name": "c2_tx_img",
                    "label": "2 Kolonner - Tekst & Billede",
                    "display": "block",
                    "sub_fields": [
                        {
                            "key": "field_5fad3f7d32330",
                            "label": "col12",
                            "name": "col12",
                            "type": "column",
                            "instructions": "",
                            "required": 0,
                            "conditional_logic": 0,
                            "wrapper": {
                                "width": "",
                                "class": "",
                                "id": ""
                            },
                            "column": "1_1"
                        },
                        {
                            "key": "field_5fad3f8c32331",
                            "label": "Tekstboks 1",
                            "name": "tx1",
                            "type": "wysiwyg",
                            "instructions": "",
                            "required": 0,
                            "conditional_logic": 0,
                            "wrapper": {
                                "width": "",
                                "class": "",
                                "id": ""
                            },
                            "default_value": "",
                            "tabs": "all",
                            "toolbar": "full",
                            "media_upload": 1,
                            "delay": 0
                        },
                        {
                            "key": "field_5fad3fc532332",
                            "label": "col8",
                            "name": "col8",
                            "type": "column",
                            "instructions": "",
                            "required": 0,
                            "conditional_logic": 0,
                            "wrapper": {
                                "width": "",
                                "class": "",
                                "id": ""
                            },
                            "column": "2_3"
                        },
                        {
                            "key": "field_5fad3fda32333",
                            "label": "Tekstboks 2",
                            "name": "tx2",
                            "type": "wysiwyg",
                            "instructions": "",
                            "required": 0,
                            "conditional_logic": 0,
                            "wrapper": {
                                "width": "",
                                "class": "",
                                "id": ""
                            },
                            "default_value": "",
                            "tabs": "all",
                            "toolbar": "full",
                            "media_upload": 1,
                            "delay": 0
                        },
                        {
                            "key": "field_5fad3ff232334",
                            "label": "col4",
                            "name": "col4",
                            "type": "column",
                            "instructions": "",
                            "required": 0,
                            "conditional_logic": 0,
                            "wrapper": {
                                "width": "",
                                "class": "",
                                "id": ""
                            },
                            "column": "1_3"
                        },
                        {
                            "key": "field_5fad400f32335",
                            "label": "Billede",
                            "name": "img",
                            "type": "image",
                            "instructions": "",
                            "required": 0,
                            "conditional_logic": 0,
                            "wrapper": {
                                "width": "",
                                "class": "",
                                "id": ""
                            },
                            "return_format": "array",
                            "preview_size": "medium",
                            "library": "all",
                            "min_width": "",
                            "min_height": "",
                            "min_size": "",
                            "max_width": "",
                            "max_height": "",
                            "max_size": "",
                            "mime_types": ""
                        }
                    ],
                    "min": "",
                    "max": ""
                },
                "layout_5fe1a39b871b1": {
                    "key": "layout_5fe1a39b871b1",
                    "name": "c1_destinationsside",
                    "label": "1 col - Destinationsside",
                    "display": "block",
                    "sub_fields": [
                        {
                            "key": "field_5fe1a3ea871b3",
                            "label": "col12",
                            "name": "col12",
                            "type": "column",
                            "instructions": "",
                            "required": 0,
                            "conditional_logic": 0,
                            "wrapper": {
                                "width": "",
                                "class": "",
                                "id": ""
                            },
                            "column": "1_1"
                        },
                        {
                            "key": "field_5fe1a3b9871b2",
                            "label": "Tekstboks",
                            "name": "destinationstx",
                            "type": "wysiwyg",
                            "instructions": "",
                            "required": 0,
                            "conditional_logic": 0,
                            "wrapper": {
                                "width": "",
                                "class": "",
                                "id": ""
                            },
                            "default_value": "",
                            "tabs": "all",
                            "toolbar": "full",
                            "media_upload": 1,
                            "delay": 0
                        },
                        {
                            "key": "field_5fe1a3f6871b4",
                            "label": "",
                            "name": "",
                            "type": "message",
                            "instructions": "",
                            "required": 0,
                            "conditional_logic": 0,
                            "wrapper": {
                                "width": "",
                                "class": "",
                                "id": ""
                            },
                            "message": "Her bliver der vist alle destinationer",
                            "new_lines": "wpautop",
                            "esc_html": 0
                        }
                    ],
                    "min": "",
                    "max": ""
                },
                "layout_5ff6ff0db486e": {
                    "key": "layout_5ff6ff0db486e",
                    "name": "c2_sliderhighlight",
                    "label": "Slider med skiftende highlights",
                    "display": "block",
                    "sub_fields": [
                        {
                            "key": "field_5ff700c2d5703",
                            "label": "col12",
                            "name": "col12",
                            "type": "column",
                            "instructions": "",
                            "required": 0,
                            "conditional_logic": 0,
                            "wrapper": {
                                "width": "",
                                "class": "",
                                "id": ""
                            },
                            "column": "1_1"
                        },
                        {
                            "key": "field_5ff6ffa4b486f",
                            "label": "Highlights",
                            "name": "rejsedestination_oplevelser",
                            "type": "group",
                            "instructions": "",
                            "required": 0,
                            "conditional_logic": 0,
                            "wrapper": {
                                "width": "",
                                "class": "",
                                "id": ""
                            },
                            "layout": "block",
                            "sub_fields": [
                                {
                                    "key": "field_5ff6ffd1b4870",
                                    "label": "Billeder",
                                    "name": "imgs",
                                    "type": "repeater",
                                    "instructions": "",
                                    "required": 0,
                                    "conditional_logic": 0,
                                    "wrapper": {
                                        "width": "",
                                        "class": "",
                                        "id": ""
                                    },
                                    "collapsed": "",
                                    "min": 0,
                                    "max": 0,
                                    "layout": "table",
                                    "button_label": "",
                                    "sub_fields": [
                                        {
                                            "key": "field_5ff6ffe1b4871",
                                            "label": "Billede",
                                            "name": "img",
                                            "type": "image",
                                            "instructions": "",
                                            "required": 0,
                                            "conditional_logic": 0,
                                            "wrapper": {
                                                "width": "",
                                                "class": "",
                                                "id": ""
                                            },
                                            "return_format": "array",
                                            "preview_size": "medium",
                                            "library": "all",
                                            "min_width": "",
                                            "min_height": "",
                                            "min_size": "",
                                            "max_width": "",
                                            "max_height": "",
                                            "max_size": "",
                                            "mime_types": ""
                                        },
                                        {
                                            "key": "field_5ff6fff3b4872",
                                            "label": "Highlight",
                                            "name": "highlight",
                                            "type": "text",
                                            "instructions": "",
                                            "required": 0,
                                            "conditional_logic": 0,
                                            "wrapper": {
                                                "width": "",
                                                "class": "",
                                                "id": ""
                                            },
                                            "default_value": "",
                                            "placeholder": "",
                                            "prepend": "",
                                            "append": "",
                                            "maxlength": ""
                                        }
                                    ]
                                },
                                {
                                    "key": "field_5ff70011b4873",
                                    "label": "Tekstboks",
                                    "name": "txbox",
                                    "type": "wysiwyg",
                                    "instructions": "",
                                    "required": 0,
                                    "conditional_logic": 0,
                                    "wrapper": {
                                        "width": "",
                                        "class": "",
                                        "id": ""
                                    },
                                    "default_value": "",
                                    "tabs": "all",
                                    "toolbar": "full",
                                    "media_upload": 1,
                                    "delay": 0
                                }
                            ]
                        }
                    ],
                    "min": "",
                    "max": ""
                }
            },
            "button_label": "Add Row",
            "min": "",
            "max": ""
        }
    ],
    "location": [
        [
            {
                "param": "post_type",
                "operator": "==",
                "value": "page"
            }
        ]
    ],
    "menu_order": 0,
    "position": "normal",
    "style": "default",
    "label_placement": "top",
    "instruction_placement": "label",
    "hide_on_screen": "",
    "active": true,
    "description": "",
    "modified": 1610023121
}